text,label
Analyze this: what is rate limiting in pathointern?,1
Hey...,0
Que signifie 95% d'AUROC et pourquoi est-ce important?,1
How do these... research papers connect?,1
Yo,0
HELLO,0
Where is the lab?,0
salut,0
Check this carcinoma histology,1
réinitialiser mon mot de passe,0
where is the lab?,0
BYE,0
Where is the lab?,0
Pouvez-vous me dire: sur combien d'images ctranspath a-t-il été pré-entraîné?,1
Comment fonctionne le processus de construction du frontend,1
Bonjour,0
Thanks,0
Please?,0
Where is the lab?,0
What's up?!,0
What about: comment fonctionne le filtrage côté serveur de la liste de travail?,1
What are the 8 classes... in the Kaggle Parasite Dataset?,1
Can you tell me: how are the reference cases displayed?,1
Are you a robot??,0
How does the criticality boost work for disease cases?,1
What are the brand colors of PathoIntern?,1
How's the weather today?...,0
Is there a blood smear anomaly?,1
Combien de temps a-t-il fallu pour construire la Phase 1?,1
What is the pathology of this blood smear?,1
Where is the lab?,0
RESET MY PASSWORD,0
How are you?,0
Good afternoon...,0
Maybe...,0
What is k-NN and how is it used for anomaly detection,1
carcinoma histology,1
Bonjour,0
"I need to know, how will whole-slide image tile extraction work in phase 2?",1
What are the 8 classes in the Kaggle Parasite Dataset?,1
I forgot my password...,0
yes,0
how does user registration work technically?,1
Can PathoIntern be used for teaching or education,1
Au revoir,0
Hi there!,0
OUI,0
Qui t'a créé?!,0
aidez-moi,0
i don't know,0
What is the pathology of this blood smear?,1
leukocyte count,1
C'est quoi ce projet?,0
Check this carcinoma histology,1
What are the triage tiers?,1
oui,0
BONJOUR,0
Aidez-moi avec le système,0
comment ça va?,0
Comment télécharger une image de frottis sanguin?,1
What is pgvector?,1
Analyze leukocyte count,1
Who is PathoIntern designed for?,1
comment pathointern protège-t-il la sécurité des patients?,1
What is the NEJM AI study about CTransPath?,1
What about: how are passwords stored securely in pathointern?,1
PathoIntern est-il un outil de diagnostic?,1
Is the lab open??,0
Good morning,0
What is the workload and burnout problem in pathology?,1
What is the verdict score and how does it differ from the criticality score?,1
Hey!,0
Good afternoon!,0
What is a digital intern in pathology,1
AIDEZ-MOI,0
Hello,0
Qui t'a créé?,0
I don't know...,0
Oui!,0
Comment demander... l'accès administrateur?,1
tell me about yourself.,0
leukocyte count,1
Analyze leukocyte count,1
J'ai besoin de savoir: comment les origines cors sont-elles configurées?,1
Check this carcinoma histology,1
Analyze leukocyte count,1
Combien de temps faut-il pour traiter une image,1
Comment PathoIntern est-il déployé,1
Can you tell me: quels sont les six personas utilisateurs?,1
Aidez-moi!,0
Hi there,0
d'accord,0
Can you help me log in?...,0
Analyze leukocyte count,1
Comment ça va?...,0
Who built you?,0
Analysez ceci: why was pathointern created?,1
Bonjour,0
WHAT'S UP DUDE?,0
Is there a blood smear anomaly?,1
Non?,0
À quelle institution PathoIntern est-il associé?,1
Who is in the lab today?...,0
Hello,0
How are you?,0
Analyze leukocyte count,1
Hey?,0
Aidez-moi avec le système,0
GOOD MORNING,0
Quelle est la différence entre le score d'anomalie et le score de criticité?,1
peut-être,0
Qu'est-ce qu'un interne numérique en pathologie?,1
What is your name??,0
Check this carcinoma histology,1
Je ne peux pas me connecter...,0
What is role-based access control in PathoIntern?,1
Non?,0
carcinoma histology,1
What about: what is ctranspath?,1
How are you?,0
réinitialiser mon mot de passe,0
WHERE IS THE LAB?,0
Pouvez-vous me dire: are usernames case-sensitive?,1
How are you?,0
Comment les embeddings sont-ils générés?,1
Bye!,0
What is PathoIntern,1
Qu'est-ce que l'intégration LIS/DME... prévue pour la Phase 2?,1
MOT DE PASSE OUBLIÉ,0
Please explain qu'est-ce qu'openseadragon?,1
Check this carcinoma histology,1
Le chatbot PathoIntern est-il cliniquement fiable?,1
BYE,0
Analyze this: can a pathologist change their verdict after submission?,1
Okay?,0
Comment ça va?,0
I need help?,0
How are you?,0
See you later...,0
Oui!,0
D'ACCORD,0
Analyze this lab slide,1
Peut-être...,0
HEY,0
Tu es un robot?...,0
Who built PathoIntern?,1
Mot de passe oublié!,0
Reset my password...,0
HEY,0
What is Phase 1 of PathoIntern?,1
Thanks...,0
No!,0
how accurate is pathointern?,1
Hey...,0
Veuillez expliquer que contient le texte de raisonnement du score?,1
Comment fonctionne techniquement l'inscription des utilisateurs?,1
C'est quoi ce projet?,0
What's up?,0
Good evening?,0
Au revoir?,0
hello,0
Analyze this lab slide,1
How are you?,0
Comment accéder au site QA pour les tests?,1
is the lab open?,0
see you later,0
WHERE IS THE LAB?,0
Where is the lab?,0
How are you?,0
Qu'en est-il de: comment fonctionne le filtrage côté serveur de la liste de travail?,1
Je ne sais pas!,0
MAYBE,0
Ok?,0
aidez-moi avec le système,0
No?,0
Analyze leukocyte count,1
Quels sujets l'Assistant PathoIntern peut-il traiter?,1
Mot de passe oublié!,0
How does the frontend communicate with the backend?,1
Please!,0
RÉINITIALISER MON MOT DE PASSE,0
Oui?,0
How are passwords stored securely in PathoIntern,1
Comment ça va?!,0
are you a robot?,0
What is the branching strategy?,1
blood smear anomaly,1
How do I log in to PathoIntern?,1
What does the scoring reasoning text contain?,1
leukocyte count,1
Quelle est la précision de PathoIntern?,1
Bonjour,0
What is the difference... between triage and diagnosis?,1
What is the pathology of this blood smear?,1
Who built you?,0
qu'est-ce que l'environnement qa?,1
Can you help me log in?...,0
"I need to know, how do i access the qa site for testing?",1
comment fonctionne la notation par lots (score-all)?,1
D'ACCORD,0
What can a technologist do in PathoIntern?,1
Tell me about yourself.?,0
Who built you?,0
quelle est la différence entre triage et diagnostic?,1
Qu'est-ce qu'OpenSlide?,1
Is there a blood smear anomaly?,1
À plus tard?,0
BONJOUR,0
Veuillez expliquer can pathointern be used for teaching or education?,1
who is in the lab today?,0
THANK YOU,0
Tell me about yourself....,0
What is incremental... learning in PathoIntern?,1
What image dimensions does CTransPath expect?,1
Please,0
Où est le laboratoire?,0
What about: what is the safety disclaimer?,1
Je ne peux pas me connecter!,0
What about: comment fonctionne la notation par lots (score-all)?,1
How does server-side worklist filtering work?,1
Is there a blood smear anomaly?,1
i don't know,0
D'accord?,0
Is the lab open?,0
Comment les déploiements sont-ils déclenchés,1
what is the weather like?,0
what is ctranspath?,1
Can you tell me: qu'est-ce que pgvector?,1
what are the four mission pillars of pathointern?,1
Can I process data on a local machine instead of the server?,1
Qu'est-ce que Docker Compose... et comment PathoIntern l'utilise-t-il?,1
What is the pathology of this blood smear?,1
HELP ME WITH MY PASSWORD,0
Quels ports PathoIntern utilise-t-il?,1
OKAY,0
How does AI worklist prioritization work?,1
WHO BUILT YOU?,0
Combien de patches contient... le corpus Kaggle complet?,1
How does user registration work technically?,1
comment fonctionne la priorisation de liste de travail par ia?,1
C'est quoi ce projet?,0
What's up?,0
What is the pathology of this blood smear?,1
Bonjour!,0
Veuillez expliquer qu'est-ce que l'approche de recommandation hybride?,1
What is the vision of PathoIntern,1
How was the development organized?,1
Maybe?,0
yes,0
Quelle est la différence entre la... Phase 1 et la Phase 2?,1
Qui a... construit PathoIntern?,1
I NEED HELP,0
ARE YOU A ROBOT?,0
carcinoma histology,1
Qu'est-ce qu'un tag git de production?,1
How does PathoIntern handle... the risk of false negatives?,1
Ok?,0
Merci!,0
Yo,0
Hello,0
what is your name?,0
Is there a blood smear anomaly?,1
Can you check what is docker compose and how does pathointern use it?,1
D'ACCORD,0
Hello!,0
Merci...,0
Bonjour...,0
Comment fonctionne la priorisation de... liste de travail par IA?,1
Pouvez-vous me dire: quelles specifications de droplet digitalocean pathointern utilise-t-il?,1
How are you?...,0
what's up?,0
quelles specifications de droplet digitalocean pathointern utilise-t-il?,1
blood smear anomaly,1
Hello,0
What is the pathology of this blood smear?,1
Qu'est-ce que la référence d'anomalie?,1
How does the PathoIntern chatbot handle voice input and safety?,1
Pourquoi PathoIntern a-t-il été créé?,1
What is the anomaly baseline,1
How's the weather today??,0
aidez-moi avec le système,0
Qu'est-ce que le modèle fondamental UNI?,1
Qu'en est-il de: puis-je utiliser l'assistant pathointern en francais?,1
Aidez-moi!,0
OÙ EST LE LABORATOIRE?,0
carcinoma histology,1
hi there,0
How are you??,0
leukocyte count,1
Je ne sais pas!,0
Is there a blood smear anomaly?,1
Qui es-tu??,0
Comment fonctionne le pipeline d'ingestion des données?,1
SEE YOU LATER,0
carcinoma histology,1
leukocyte count,1
How will whole-slide image tile extraction work in Phase 2,1
Quels sont les quatre piliers de la mission de PathoIntern?,1
Bonjour,0
How are you?,0
COMMENT ÇA VA?,0
oui,0
C'est quoi ce projet?!,0
Hi there,0
Pouvez-vous me dire: quel est le problème de charge de travail et d'épuisement en pathologie?,1
Aidez-moi...,0
Tu es un robot?...,0
quels outils l'équipe utilise-t-elle?,1
How is the backend structured,1
Qu'est-ce que la superposition de carte de chaleur de risque?,1
S'il vous plaît,0
Who built you?,0
quels outils l'équipe utilise-t-elle?,1
Qu'est-ce que l'avertissement de sécurité?,1
What is the pathology of this blood smear?,1
How does batch embedding generation work?,1
What is the UNI foundation model?,1
HELP ME WITH MY PASSWORD,0
Where is the lab?,0
reset my password,0
Comment fonctionne le boost de... criticité pour les cas pathologiques?,1
Quelles specifications de... droplet DigitalOcean PathoIntern utilise-t-il?,1
Can you tell me: why doesn't pathointern use classification?,1
Hey,0
Aidez-moi,0
Good afternoon?,0
What is a production git tag?,1
C'est quoi ce projet?,0
Query: what is k-nn and how is it used for anomaly detection?,1
i forgot my password,0
see you later,0
Non?,0
what's up dude?,0
What happens after I upload an image?,1
Please explain what user roles exist in pathointern?,1
Bonsoir?,0
C'est quoi ce projet?,0
Comment tu t'appelles?!,0
What's up?...,0
Analyze this lab slide,1
YO,0
Can you help me log in?!,0
Les noms d'utilisateur sont-ils sensibles à la casse?,1
How's the weather today?!,0
Qu'est-ce que le contrôle d'accès basé sur les rôles dans PathoIntern?,1
COMMENT TU T'APPELLES?,0
Bonjour,0
HOW ARE YOU?,0
What's up dude?,0
how are you?,0
What can a... technologist do in PathoIntern?,1
What is LIS/EMR integration planned for Phase 2?,1
"I need to know, comment obtenir un compte sur pathointern?",1
What about: qu'est-ce que ctranspath?,1
I need help!,0
What about: how does server-side worklist filtering work?,1
Can you assist me?,0
Reset my password?,0
I don't know?,0
WHERE IS THE LAB?,0
comment tu t'appelles?,0
What are the password requirements?,1
What about: quelles considérations réglementaires s'appliquent à pathointern?,1
WHO IS IN THE LAB TODAY?,0
Comment ça va?...,0
Le chatbot PathoIntern... est-il cliniquement fiable?,1
qui peut soumettre des verdicts?,1
Why doesn't PathoIntern use... YOLO or CNN classification?,1
blood smear anomaly,1
Hi there...,0
Hello,0
Plusieurs utilisateurs peuvent-ils utiliser PathoIntern en même temps?,1
Quelles considérations réglementaires s'appliquent à PathoIntern?,1
Tu es un robot?,0
No,0
How's the weather today?,0
Where is the lab?,0
Aidez-moi avec le système?,0
Que signifie non diagnostique dans le contexte de PathoIntern?,1
How are you?,0
good morning,0
PEUT-ÊTRE,0
NON,0
comment pathointern se compare-t-il aux autres outils d'ia en pathologie?,1
Bonsoir...,0
Qui t'a créé??,0
J'ai besoin de savoir: analyze leukocyte count,1
Qu'est-ce qu'un verdict,1
Analysez ceci: qui peut soumettre des verdicts?,1
I need directions to the lab!,0
Analyze this lab slide,1
je ne peux pas me connecter,0
Comment le backend est-il structuré?,1
what is a verdict?,1
Thanks,0
i forgot my password,0
C'est quoi ce projet?,0
How are processed artifacts shipped to the server?,1
Qui es-tu?!,0
Hello,0
why was pathointern created?,1
I don't know...,0
Bye!,0
Check this carcinoma histology,1
What's up?,0
IS THE LAB OPEN?,0
Who built you??,0
What does non-diagnostic mean in the context of PathoIntern,1
Analyze leukocyte count,1
Who is in the lab today?,0
C'est quoi ce projet?,0
Question: pourquoi y a-t-il deux phases?,1
TELL ME ABOUT YOURSELF.,0
Quels sont les... niveaux de triage?,1
Hey...,0
Merci,0
Analyze leukocyte count,1
Bonjour,0
Hello,0
Je ne peux pas me connecter...,0
Analyze leukocyte count,1
leukocyte count,1
Is PathoIntern open source?,1
Non!,0
aidez-moi avec le système,0
Who built you?,0
Who built you?,0
What is the PathoIntern Assistant?,1
WHAT IS YOUR NAME?,0
carcinoma histology,1
qu'est-ce que ctranspath?,1
Okay?,0
Réinitialiser mon mot de passe!,0
quelle est la stratégie de branchement?,1
Bonjour,0
Yo...,0
"I need to know, quelles sont les 8 classes du jeu de données kaggle parasite?",1
See you later,0
C'est quoi ce projet?,0
Bonjour,0
Quelle base de données PathoIntern utilise-t-il?,1
i need help,0
What is the QA environment?,1
How are deployments triggered?,1
What is the pathology of this blood smear?,1
PathoIntern peut-il être... utilisé pour l'enseignement?,1
Question: how were the supporting research papers selected?,1
What is the weather like?...,0
Can you tell me: how accurate is pathointern?,1
Reset my password!,0
HI THERE,0
Question: what ci/cd pipeline does pathointern use?,1
What is cosine distance versus cosine similarity?,1
Good afternoon,0
thank you,0
GOOD EVENING,0
Please?,0
À PLUS TARD,0
thanks,0
Analyze this lab slide,1
Salut...,0
Please...,0
Comment ça va?...,0
Good afternoon?,0
WHO IS IN THE LAB TODAY?,0
Can you check what is the kaggle dataset used in pathointern?,1
Bonjour,0
Check this carcinoma histology,1
Tell me about yourself.,0
Analyze this: what can a technologist do in pathointern?,1
"I need to know, what user roles exist in pathointern?",1
Qu'est-ce que le middleware d'audit?,1
Qu'en est-il de: what is pathointern?,1
C'est quoi ce projet?,0
How is the seed admin account created?,1
Who built you?,0
Where is the lab?,0
"I need to know, quelles variables d'environnement pathointern nécessite-t-il?",1
RÉINITIALISER MON MOT DE PASSE,0
Ok!,0
Veuillez expliquer what database does pathointern use?,1
What is the weather like?,0
How does batch scoring (score-all) work?,1
Yo!,0
Ok!,0
Analyze leukocyte count,1
Who built you?,0
Pouvez-vous me dire: comment ces articles de recherche sont-ils connectés?,1
what does the worklist show?,1
Bonsoir?,0
Qu'est-ce que l'environnement QA?,1
aidez-moi,0
hi there,0
please,0
Que signifie non diagnostique dans le contexte de PathoIntern,1
What does the worklist show?,1
Why are there two phases?,1
Please explain what is the workload and burnout problem in pathology?,1
Can PathoIntern be used for teaching or education?,1
Hello,0
réinitialiser mon mot de passe,0
Quelle est la stratégie de branchement,1
Can you check what digitalocean droplet specifications does pathointern use?,1
que représente le score de criticité?,1
comment accéder au site qa pour les tests?,1
What is your name?...,0
is the lab open?,0
"I need to know, how do i get an account on pathointern?",1
Check this carcinoma histology,1
Hello,0
What happens if I exceed the login rate limit?,1
I don't know...,0
who is ali ozdemir?,1
HELP ME WITH MY PASSWORD,0
I DON'T KNOW,0
what's up dude?,0
J'ai besoin de savoir: comment pathointern se compare-t-il aux autres outils d'ia en pathologie?,1
leukocyte count,1
Can you assist me??,0
NO,0
qui est sumanth reddy?,1
THANKS,0
Qu'est-ce que le rôle de technologiste dans PathoIntern?,1
Who built you?,0
Hello,0
Qu'en est-il de: what is pathointern?,1
D'accord,0
Okay!,0
No?,0
Comment tu t'appelles?...,0
CAN YOU HELP ME LOG IN?,0
Que montre la... liste de travail?,1
carcinoma histology,1
que ne peut pas faire un technologiste dans pathointern?,1
Who built you?,0
I FORGOT MY PASSWORD,0
what institution is pathointern associated with?,1
What is the mission of PathoIntern?,1
What is the admin user management panel?,1
qui est sumanth reddy?,1
Is the lab open?...,0
Comment fonctionnera l'extraction de... tuiles WSI en Phase 2?,1
Analyze this lab slide,1
Thanks!,0
Pouvez-vous me dire: quel est le jeu de données kaggle utilisé dans pathointern?,1
Who built you?,0
qu'est-ce que k-nn et comment est-il utilisé pour la détection d'anomalies?,1
Oui!,0
Pouvez-vous me dire: how does the criticality boost work for disease cases?,1
See you later,0
Réinitialiser mon mot de passe?,0
blood smear anomaly,1
Yo?,0
Peut-être?,0
comment pathointern gère-t-il le risque de faux négatifs?,1
Where is the lab?,0
Analyze this lab slide,1
How's the weather today?!,0
Bonsoir!,0
Peut-être?,0
Yo?,0
où est le laboratoire?,0
Hey,0
maybe,0
carcinoma histology,1
HEY,0
Pouvez-vous me dire: what ports does pathointern use?,1
hi there,0
blood smear anomaly,1
Veuillez expliquer how do i request admin access?,1
hello,0
What was the hybrid recommendation approach?,1
Je ne peux pas me connecter?,0
What is the difference between the three user roles?,1
Why was PathoIntern created?,1
Where is the lab?!,0
Pouvez-vous me dire: qu'est-ce que le patron de couche de service utilisé dans le backend?,1
Tell me about yourself.?,0
Qu'en est-il de: how long does a login session last?,1
What is the pathology of this blood smear?,1
What user roles exist in PathoIntern?,1
What's up?!,0
Analyze this: quelle pile technologique pathointern utilise-t-il?,1
carcinoma histology,1
Salut...,0
Je ne peux pas me connecter?,0
how's the weather today?,0
Hello,0
Hello,0
Comment PathoIntern se compare-t-il aux autres outils d'IA en pathologie?,1
C'est quoi ce projet?,0
Au revoir,0
Analyze this lab slide,1
Analyze this: comment fonctionnera l'extraction de tuiles wsi en phase 2?,1
What are the explicit non-goals of PathoIntern,1
Au revoir?,0
WHAT'S UP DUDE?,0
Question: is pathointern open source?,1
blood smear anomaly,1
blood smear anomaly,1
I need help...,0
Qui t'a créé??,0
Qu'est-ce que Docker Compose et comment PathoIntern l'utilise-t-il,1
What are normal labels in the dataset,1
Comment PathoIntern gère-t-il le risque de faux négatifs?,1
Tell me about yourself.?,0
Is there a blood smear anomaly?,1
Mot de passe oublié?,0
Please explain quel problème pathointern résout-il?,1
How are you?,0
Qu'est-ce que l'apprentissage auto-supervisé en pathologie computationnelle?,1
Can you check comment la ligne de base d'anomalies est-elle reconstruite?,1
Tu es un robot?!,0
Yes!,0
qu'est-ce que l'apprentissage auto-supervisé en pathologie computationnelle?,1
Where is the lab?,0
Yo,0
I DON'T KNOW,0
comment fonctionne le pipeline d'ingestion des données?,1
blood smear anomaly,1
How are you?,0
Hello,0
What is L2 normalization and why is it important,1
Quel problème PathoIntern résout-il?,1
C'est quoi ce projet?,0
how does server-side worklist filtering work?,1
Je ne sais pas!,0
OÙ EST LE LABORATOIRE?,0
leukocyte count,1
Analyze this lab slide,1
carcinoma histology,1
Pouvez-vous me dire: qu'est-ce que k-nn et comment est-il utilisé pour la détection d'anomalies?,1
Who built you?,0
"I need to know, what are the explicit non-goals of pathointern?",1
what is the weather like?,0
WHAT IS YOUR NAME?,0
How is PathoIntern deployed?,1
Analyze this lab slide,1
Mot de passe oublié...,0
Que contient le texte de raisonnement du score?,1
que se passe-t-il si les poids du modèle ctranspath sont manquants?,1
What development methodology was used?,1
Are you a robot??,0
What's up dude?...,0
Where is the lab?,0
Can you assist me?...,0
Hey?,0
can you assist me?,0
what does the worklist show?,1
J'ai besoin de savoir: combien de temps a-t-il fallu pour construire la phase 1?,1
How confident should I be in chatbot answers,1
How long did it take to build Phase 1?,1
Tu es un robot??,0
Is there a blood smear anomaly?,1
See you later!,0
Qui t'a créé??,0
OUI,0
I need help...,0
Check this carcinoma histology,1
Hey...,0
Merci?,0
Où est le laboratoire??,0
Je ne peux pas me connecter?,0
Is there a blood smear anomaly?,1
comment pathointern est-il déployé?,1
SEE YOU LATER,0
Who built you?,0
"I need to know, qu'est-ce que le proxy inverse nginx?",1
Check this carcinoma histology,1
Who is Sumanth Reddy?,1
Where is the lab?,0
What is the 95th... percentile calibration in anomaly scoring?,1
I NEED HELP,0
Qui es-tu?!,0
Analyze this lab slide,1
What is a verdict?,1
Quels articles de recherche soutiennent PathoIntern?,1
quels sujets l'assistant pathointern peut-il traiter?,1
blood smear anomaly,1
Okay!,0
WHAT IS THE WEATHER LIKE?,0
Can you tell me: how was the development organized?,1
Is the lab open?!,0
mot de passe oublié,0
Oui?,0
Comment ça va?!,0
Is the lab open?,0
Comment fonctionne le processus... de construction du frontend?,1
Okay,0
Hello,0
How does PathoIntern compare to other AI pathology tools?,1
what does the criticality score represent?,1
how are passwords stored securely in pathointern?,1
C'est quoi ce projet?,0
D'accord,0
How are you?,0
"I need to know, comment le frontend communique-t-il avec le backend?",1
Je ne peux pas me connecter?,0
Bonjour,0
Check this carcinoma histology,1
QUI ES-TU?,0
What is the difference between the three user roles,1
How are deployments triggered,1
qu'est-ce que le patron de couche de service utilisé dans le backend?,1
What's up dude?,0
What is the pathology of this blood smear?,1
Analyze this: comment le backend est-il structuré?,1
Non!,0
À qui PathoIntern est-il destiné?,1
Okay?,0
Qu'en est-il de: que peut faire un technologiste dans pathointern?,1
Analyze this: qu'est-ce qu'un verdict?,1
carcinoma histology,1
C'est quoi ce projet?...,0
Qu'est-ce que l'intégration LIS/DME... prévue pour la Phase 2?,1
Bye!,0
What is a digital intern in pathology?,1
comment fonctionne le système de notation?,1
Can you tell me: what is the local gpu pipeline approach?,1
Who built you?,0
Can you check how does pathointern protect patient safety?,1
Analyze this lab slide,1
Y a-t-il un compte de démonstration que je peux essayer,1
Hello,0
Analyze this lab slide,1
Hello,0
Hello,0
comment télécharger une image de frottis sanguin?,1
Mot de passe oublié?,0
What research papers support PathoIntern?,1
Comment tu t'appelles?...,0
Quels rôles d'utilisateur existent dans PathoIntern?,1
What infrastructure is needed for Phase 2?,1
Hello,0
What is the difference between Phase 1 and Phase 2?,1
What is the pathology of this blood smear?,1
Où est le laboratoire?,0
leukocyte count,1
Maybe!,0
How accurate is PathoIntern?,1
What's up??,0
Is there a blood smear anomaly?,1
Pourquoi y a-t-il deux phases?,1
I don't know,0
À plus tard...,0
Pouvez-vous me dire: who is sumanth reddy?,1
Analyze leukocyte count,1
Comment demander l'accès administrateur?,1
Analyze leukocyte count,1
Analyze this lab slide,1
merci,0
Query: quel est le problème de charge de travail et d'épuisement en pathologie?,1
Who is in the lab today??,0
What is PathoIntern?,1
blood smear anomaly,1
Query: qu'est-ce que l'apprentissage par transfert en pathologie computationnelle?,1
Analyze leukocyte count,1
Thanks?,0
How are you?,0
Bonjour?,0
What research... papers support PathoIntern?,1
What is transfer learning in computational pathology?,1
please,0
Peut-être,0
I forgot my password?,0
What is the service layer pattern used in the backend?,1
Tell me about yourself.,0
How are you?,0
non,0
comment fonctionne la notation par lots (score-all)?,1
oui,0
What is the anomaly_baseline.npz file?,1
Can you help me log in??,0
good afternoon,0
Analyze leukocyte count,1
MERCI,0
bonjour,0
Qu'est-ce que pgvector?,1
Check this carcinoma histology,1
How are you?,0
leukocyte count,1
Can you check que signifie non diagnostique dans le contexte de pathointern?,1
good morning,0
quelle méthodologie de développement a été utilisée?,1
Qui est Ali Ozdemir?,1
À plus tard?,0
How does the frontend build process work?,1
Que se passe-t-il si je... dépasse la limite de connexion?,1
good evening,0
What is the pathology of this blood smear?,1
Quels articles de recherche soutiennent PathoIntern,1
I FORGOT MY PASSWORD,0
Who is in the lab today?!,0
How are you?,0
"I need to know, what is openseadragon?",1
AIDEZ-MOI AVEC LE SYSTÈME,0
What topics can the PathoIntern Assistant answer?,1
Analyze this: que signifie 95% d'auroc et pourquoi est-ce important?,1
what's up?,0
How long does... a login session last?,1
C'est quoi ce projet?!,0
Analyze leukocyte count,1
Comment le frontend communique-t-il avec le backend?,1
What is a verdict,1
Who built you?,0
I forgot my password,0
COMMENT ÇA VA?,0
How are you?,0
Mot de passe oublié,0
D'accord...,0
How are passwords stored securely in PathoIntern?,1
Bonjour...,0
What DigitalOcean droplet specifications does PathoIntern use?,1
OKAY,0
Thank you...,0
Que signifie 95% d'AUROC... et pourquoi est-ce important?,1
Qui es-tu?...,0
What is the 95th percentile calibration in anomaly scoring?,1
Qu'est-ce que l'approche du pipeline GPU local?,1
What is the pathology of this blood smear?,1
Where is the lab?,0
C'est quoi ce projet?,0
I need directions to the lab...,0
carcinoma histology,1
how accurate is pathointern?,1
Question: qu'est-ce que l'apprentissage incrémental dans pathointern?,1
Who built you?,0
BONJOUR,0
How do I request admin access?,1
Is there a blood smear anomaly?,1
quelles sont les couleurs de marque de pathointern?,1
Que se passe-t-il si je dépasse la limite de connexion?,1
Where is the lab?,0
What happens if CTransPath model weights are missing?,1
Que se passe-t-il après le téléchargement d'une image?,1
What are the 8 classes in the Kaggle Parasite Dataset,1
Quelle est la différence entre le... score d'anomalie et le score de criticité?,1
What are normal labels in the dataset?,1
leukocyte count,1
Bonjour...,0
Où est le laboratoire?!,0
Combien de temps dure une session de connexion?,1
AU REVOIR,0
Check this carcinoma histology,1
Where is the lab?,0
YES,0
tell me about yourself.,0
Y a-t-il un compte de démonstration que je peux essayer?,1
What problem does PathoIntern solve?,1
Qu'est-ce que la limitation de débit dans PathoIntern?,1
Hello,0
Where is the lab?,0
What is the similarity search?,1
Analyze this: how confident should i be in chatbot answers?,1
maybe,0
What is Phase 2 of PathoIntern?,1
J'ai besoin de savoir: what is incremental learning in pathointern?,1
Who built you?,0
carcinoma histology,1
Bonjour,0
Bonjour,0
Salut?,0
I don't know!,0
GOOD AFTERNOON,0
See you later,0
Hello,0
leukocyte count,1
Qu'est-ce que la piste d'audit?,1
je ne sais pas,0
I forgot my password!,0
what is the pathology of this blood smear?,1
COMMENT TU T'APPELLES?,0
Is there a blood smear anomaly?,1
i need help,0
Are you a robot?!,0
Oui,0
why doesn't pathointern use classification?,1
Please explain are usernames case-sensitive?,1
carcinoma histology,1
Bonsoir,0
Combien de patches contient le corpus Kaggle complet?,1
Question: sur combien d'images ctranspath a-t-il été pré-entraîné?,1
MAYBE,0
Who is Lohith Reddy?,1
blood smear anomaly,1
D'accord,0
Au revoir!,0
i don't know,0
Je ne peux pas me connecter...,0
Qui t'a créé??,0
Réinitialiser mon mot de passe!,0
Bonjour,0
good morning,0
Can you tell me: qu'est-ce que l'approche du pipeline gpu local?,1
I need help,0
Are usernames case-sensitive?,1
TELL ME ABOUT YOURSELF.,0
Analyze this lab slide,1
Are you a robot?...,0
tell me about yourself.,0
YES,0
carcinoma histology,1
Good evening,0
Can you tell me: what does the criticality score represent?,1
Peut-être...,0
D'accord,0
Quelle est la différence entre les trois rôles d'utilisateur?,1
what is the vision of pathointern?,1
Quelle pile technologique PathoIntern utilise-t-il?,1
Can multiple users use PathoIntern at the same time,1
hey,0
What ports does PathoIntern use?,1
C'est quoi ce projet?,0
See you later,0
HEY,0
Hey,0
carcinoma histology,1
Okay?,0
i need directions to the lab,0
How does the PathoIntern chatbot... handle voice input and safety?,1
Comment ces articles de recherche sont-ils connectés?,1
PLEASE,0
Qu'est-ce que la superposition de... carte de chaleur de risque?,1
I NEED HELP,0
Query: comment les cas de référence sont-ils affichés?,1
Quelles sont les couleurs de marque de PathoIntern?,1
THANKS,0
CAN YOU ASSIST ME?,0
Bonjour,0
Check this carcinoma histology,1
Bye!,0
What is rate limiting in PathoIntern?,1
How many patches are in the full Kaggle corpus?,1
Peut-être!,0
help me with my password,0
Veuillez expliquer what is rate limiting in pathointern?,1
Qu'est-ce que la limitation... de débit dans PathoIntern?,1
Que se passe-t-il si les poids du modèle CTransPath sont manquants?,1
Yo?,0
Analyze this: quel est le jeu de données kaggle utilisé dans pathointern?,1
Tell me about yourself....,0
Comment les mots de passe sont-ils stockés de manière sécurisée,1
What is the pathology of this blood smear?,1
What is the safety disclaimer?,1
help me with my password,0
Qu'est-ce que la Phase 1 de PathoIntern?,1
Veuillez expliquer comment fonctionne tls/https dans pathointern?,1
Qu'est-ce que l'approche de recommandation hybride?,1
Qui es-tu??,0
Check this carcinoma histology,1
Que ne peut PAS faire un technologiste dans PathoIntern,1
i need directions to the lab,0
I need directions to the lab?,0
How are you?,0
Je ne sais pas!,0
maybe,0
C'est quoi ce projet?,0
what's up?,0
carcinoma histology,1
Aidez-moi...,0
Veuillez expliquer can pathointern be used for teaching or education?,1
How accurate... is PathoIntern?,1
Pouvez-vous me dire: what are the password requirements?,1
Are usernames case-sensitive,1
Qui es-tu?!,0
How are you?,0
Is there a blood smear anomaly?,1
What is CTransPath?,1
Analysez ceci: pathointern est-il open source?,1
Merci...,0
How are... CORS origins configured?,1
Qui peut soumettre des verdicts?,1
Comment le backend est-il structuré,1
maybe,0
what tools does the team use for development?,1
RÉINITIALISER MON MOT DE PASSE,0
WHO BUILT YOU?,0
Is the lab open?!,0
I forgot my password...,0
Comment fonctionne le filtrage côté serveur de la liste de travail?,1
How does anomaly detection work?,1
how does the scoring system work?,1
Pourquoi PathoIntern n'utilise-t-il pas la classification?,1
AIDEZ-MOI,0
What CI/CD pipeline does PathoIntern use?,1
What is... the safety disclaimer?,1
Qu'est-ce que l'apprentissage par transfert en pathologie computationnelle?,1
good evening,0
Hello!,0
Who is Ali Ozdemir?,1
Que se passe-t-il si je... dépasse la limite de connexion?,1
Hello,0
YES,0
What is transfer... learning in computational pathology?,1
Can you tell me: how were the supporting research papers selected?,1
What makes PathoIntern different from automated blood cell counters?,1
Can you tell me: how does the data ingestion pipeline work?,1
What is the pathology of this blood smear?,1
je ne sais pas,0
Okay...,0
can you assist me?,0
Why are non-normal reference cases displayed... first in the similar patches panel?,1
What is the anomaly baseline?,1
Pouvez-vous me dire: quelle est la vision de pathointern?,1
Analyze this lab slide,1
BONJOUR,0
blood smear anomaly,1
Can you assist me??,0
How are you?...,0
see you later,0
Is there a blood smear anomaly?,1
WHERE IS THE LAB?,0
Question: quelles sont les exigences de mot de passe?,1
Bye...,0
Analysez ceci: quel est le jeu de données kaggle utilisé dans pathointern?,1
What about: qu'est-ce que l'environnement qa?,1
QUI T'A CRÉÉ?,0
Qui t'a créé??,0
JE NE PEUX PAS ME CONNECTER,0
What's up dude??,0
leukocyte count,1
What is PathoIntern?,1
Analyze this lab slide,1
Bonjour,0
Bye?,0
Comment fonctionne le filtrage côté serveur de la liste de travail,1
PathoIntern peut-il être utilisé pour l'enseignement?,1
Is there a blood smear anomaly?,1
Quelles dimensions... d'image CTransPath attend-il?,1
Veuillez expliquer what is k-nn and how is it used for anomaly detection?,1
Hello,0
Hello?,0
carcinoma histology,1
How does PathoIntern handle the risk of false negatives?,1
What is the pathology of this blood smear?,1
Why are non-normal reference cases displayed first in the similar patches panel?,1
Qu'est-ce que le patron de couche de service utilisé dans le backend?,1
What is incremental learning in PathoIntern?,1
blood smear anomaly,1
Can you assist me?,0
Comment tu t'appelles??,0
Quel est le jeu de données Kaggle utilisé dans PathoIntern?,1
Check this carcinoma histology,1
Check this carcinoma histology,1
Help me with my password...,0
Quelles dimensions... d'image CTransPath attend-il?,1
Pouvez-vous me dire: qu'est-ce que le contrôle d'accès basé sur les rôles dans pathointern?,1
à plus tard,0
Question: what user roles exist in pathointern?,1
Tu es un robot?,0
PathoIntern est-il open source?,1
"I need to know, quelle est la stratégie de branchement?",1
What is the vision of PathoIntern?,1
Thanks,0
blood smear anomaly,1
Qui es-tu?...,0
MERCI,0
How long does it take to process an image?,1
carcinoma histology,1
leukocyte count,1
How are you?,0
Comment se connecter à PathoIntern,1
carcinoma histology,1
What is the pathology of this blood smear?,1
Can you check what is openseadragon?,1
Que ne peut PAS faire un technologiste dans PathoIntern?,1
What is the pathology of this blood smear?,1
How were the supporting research papers selected?,1
Okay,0
Qu'en est-il de: what is role-based access control in pathointern?,1
Comment fonctionne la génération d'embeddings par lots,1
pourquoi pathointern n'utilise-t-il pas la classification?,1
how are deployments triggered?,1
Where is the lab?,0
Merci...,0
How are you?,0
AIDEZ-MOI AVEC LE SYSTÈME,0
qu'est-ce que la construction docker multi-étapes?,1
leukocyte count,1
how's the weather today?,0
Qu'est-ce que l'approche... de recommandation hybride?,1
How is the backend structured?,1
Analyze leukocyte count,1
S'il vous plaît,0
Who built you??,0
carcinoma histology,1
Combien de temps faut-il pour traiter une image?,1
Comment fonctionne le boost de... criticité pour les cas pathologiques?,1
Quelle est la vision de PathoIntern?,1
carcinoma histology,1
Can PathoIntern be used for teaching or education,1
Who built you?,0
IS THE LAB OPEN?,0
Comment accéder au site QA pour les tests,1
Comment se connecter à PathoIntern?,1
JE NE PEUX PAS ME CONNECTER,0
What is the production environment?,1
Is PathoIntern a diagnostic tool?,1
QUI ES-TU?,0
How does the chatbot RAG retrieval pipeline work?,1
Bonjour,0
Comment PathoIntern protège-t-il la sécurité des patients?,1
Good evening?,0
Where is the lab?,0
Analyze leukocyte count,1
What is the weather like?,0
I need directions to the lab?,0
Good afternoon?,0
Please explain how many images was ctranspath pretrained on?,1
NO,0
Réinitialiser mon mot de passe,0
Hello,0
I need directions to the lab,0
qu'est-ce que la phase 2 de pathointern?,1
Qu'est-ce que la normalisation L2 et pourquoi est-elle importante?,1
À plus tard...,0
Qu'est-ce que la Phase 2 de PathoIntern?,1
Qu'en est-il de: le chatbot pathointern est-il cliniquement fiable?,1
blood smear anomaly,1
Check this carcinoma histology,1
Can you tell me: comment accéder au site qa pour les tests?,1
Where is the lab?,0
Analyze leukocyte count,1
Comment les origines CORS sont-elles configurées?,1
bye,0
Oui...,0
Comment fonctionne le processus de construction du frontend?,1
Mot de passe oublié...,0
Can I use the PathoIntern Assistant in French?,1
C'est quoi ce projet?,0
Analyze leukocyte count,1
"I need to know, who is ali ozdemir?",1
What is the difference between the three user roles,1
What is the current... status of the project?,1
Quelle méthodologie de développement a été utilisée?,1
How do I upload a blood smear image,1
Qu'est-ce que la recherche de similarité?,1
Please explain what is the audit trail?,1
HELP ME WITH MY PASSWORD,0
Query: comment fonctionne le processus de construction du frontend?,1
Aidez-moi,0
Is there a blood smear anomaly?,1
WHO IS IN THE LAB TODAY?,0
Bye...,0
hey,0
Ok?,0
Can I use the... PathoIntern Assistant in French?,1
Good afternoon!,0
What is the pathology of this blood smear?,1
Comment la ligne de base d'anomalies est-elle reconstruite?,1
Analyze this: how confident should i be in chatbot answers?,1
Comment fonctionne le pipeline de recuperation RAG du chatbot?,1
Please!,0
How are you?!,0
How confident should I be in chatbot answers,1
Bonjour...,0
Check this carcinoma histology,1
Who built you?,0
Is the lab open?...,0
Dans quelle mesure devrais-je faire confiance aux reponses du chatbot,1
Au revoir...,0
What database... does PathoIntern use?,1
Peut-être!,0
Analysez ceci: what is the audit middleware?,1
Analyze this lab slide,1
Bonjour,0
AIDEZ-MOI AVEC LE SYSTÈME,0
What is the pathology of this blood smear?,1
J'ai besoin de savoir: can a pathologist change their verdict after submission?,1
NO,0
Mot de passe oublié,0
What's up dude?...,0
Non...,0
How are you?,0
what is a digital intern in pathology?,1
Analyze leukocyte count,1
Bonjour,0
hello,0
Que peut faire un technologiste dans PathoIntern,1
Analyze this lab slide,1
See you later...,0
Check this carcinoma histology,1
Quel est le problème de charge de travail et d'épuisement en pathologie?,1
J'ai besoin de savoir: qu'est-ce que le contrôle d'accès basé sur les rôles dans pathointern?,1
Question: who built pathointern?,1
ARE YOU A ROBOT?,0
Tell me about yourself.,0
Analyze leukocyte count,1
C'est quoi ce projet?,0
Is the lab open??,0
Y a-t-il un compte de démonstration que je peux essayer,1
What environment variables does PathoIntern need?,1
I need directions to the lab!,0
What is L2 normalization and why is it important?,1
Qu'est-ce que l'Assistant PathoIntern,1
Comment le compte administrateur initial est-il créé?,1
Maybe...,0
Qui a construit PathoIntern?,1
What is the weather like?,0
Au revoir,0
good morning,0
What tech stack does PathoIntern use?,1
I don't know!,0
aidez-moi,0
What is the pathology of this blood smear?,1
Can you help me log in??,0
Yo...,0
leukocyte count,1
Is there a blood smear anomaly?,1
TELL ME ABOUT YOURSELF.,0
Quelle est la stratégie de branchement?,1
THANK YOU,0
Is there a blood smear anomaly?,1
Okay?,0
HOW'S THE WEATHER TODAY?,0
good morning,0
Salut!,0
Que peut faire un technologiste dans PathoIntern?,1
What are the four mission pillars of PathoIntern,1
C'est quoi ce projet?,0
Aidez-moi avec le système...,0
qu'est-ce qu'openslide?,1
what is a verdict?,1
Please?,0
See you later?,0
What is OpenSlide,1
OK,0
Comment les articles de recherche de soutien ont-ils été sélectionnés?,1
Okay,0
What institution is PathoIntern associated with?,1
what is the difference between triage and diagnosis?,1
What does the criticality score represent?,1
bonsoir,0
Check this carcinoma histology,1
c'est quoi ce projet?,0
Where is the lab?,0
Where is the lab?...,0
Qu'en est-il de: what is self-supervised learning in computational pathology?,1
leukocyte count,1
who is in the lab today?,0
i need help,0
What are the 8 classes in the Kaggle Parasite Dataset,1
Can you help me log in?!,0
What is... the anomaly_baseline.npz file?,1
Analyze this: what is the similarity search?,1
Can you check how do i access the qa site for testing?,1
Check this carcinoma histology,1
CAN YOU HELP ME LOG IN?,0
Can you tell me: comment fonctionne techniquement l'inscription des utilisateurs?,1
Qui est... Sumanth Reddy?,1
Yo?,0
how is the backend structured?,1
aidez-moi avec le système,0
Good evening...,0
C'est quoi ce projet?,0
GOOD EVENING,0
Hello!,0
J'ai besoin de savoir: what is the pathointern assistant?,1
à plus tard,0
Que signifie 95% d'AUROC et pourquoi est-ce important,1
Analyze leukocyte count,1
Is the lab open??,0
Qu'est-ce que le proxy inverse Nginx,1
Where is the lab?,0
Analyze this lab slide,1
What is your name??,0
How many patches are... in the full Kaggle corpus?,1
quels sujets l'assistant pathointern peut-il traiter?,1
Quels formats d'image PathoIntern accepte-t-il?,1
leukocyte count,1
Analysez ceci: que montre la liste de travail?,1
"I need to know, what was the hybrid recommendation approach?",1
Bonjour,0
What is a production git tag,1
Why are non-normal reference cases displayed... first in the similar patches panel?,1
What is Phase 1 of PathoIntern,1
please,0
Bye...,0
Is there a demo account I can try?,1
Analysez ceci: what problem does pathointern solve?,1
Quelle est la différence entre triage et diagnostic?,1
What is the difference between anomaly score and criticality score?,1
Reset my password?,0
carcinoma histology,1
C'est quoi ce projet?,0
What about: quel pipeline ci/cd pathointern utilise-t-il?,1
What is the Kaggle dataset used in PathoIntern,1
blood smear anomaly,1
Pourquoi PathoIntern n'utilise-t-il pas YOLO ou la classification CNN?,1
qui est sumanth reddy?,1
blood smear anomaly,1
What CI/CD pipeline does PathoIntern use,1
what is the difference between anomaly score and criticality score?,1
Qu'est-ce que le proxy inverse Nginx?,1
What's up dude?...,0
que montre la liste de travail?,1
How are you?,0
Qu'est-ce que le patron de couche... de service utilisé dans le backend?,1
Quelle est la différence entre distance cosinus et similarité cosinus?,1
Quels outils l'équipe utilise-t-elle?,1
Quels articles de... recherche soutiennent PathoIntern?,1
What is Docker Compose and... how does PathoIntern use it?,1
Why doesn't PathoIntern use YOLO or CNN classification?,1
Qu'est-ce que... l'environnement QA?,1
Au revoir...,0
How does the... scoring system work?,1
Bonjour,0
GOOD EVENING,0
Can you tell me: what database does pathointern use?,1
quel est l'état actuel du projet?,1
who built you?,0
Hello,0
What's up dude?,0
I NEED HELP,0
How does the data ingestion pipeline work?,1
Que contient le texte... de raisonnement du score?,1
What are the explicit non-goals of PathoIntern?,1
Pourquoi les cas de référence non-normaux sont-ils affichés en premier?,1
Bonjour,0
Qui es-tu?!,0
Comment les cas... de référence sont-ils affichés?,1
Hello,0
What is the technologist role in PathoIntern?,1
Qui est Sumanth Reddy?,1
Quels sujets l'Assistant... PathoIntern peut-il traiter?,1
Is there a blood smear anomaly?,1
Check this carcinoma histology,1
What is OpenSeadragon?,1
Quelles dimensions d'image CTransPath attend-il?,1
yo,0
Hello,0
Question: combien de temps a-t-il fallu pour construire la phase 1?,1
Quelle est la mission de PathoIntern?,1
C'est quoi ce projet?,0
Bonsoir,0
"I need to know, qu'est-ce que le contrôle d'accès basé sur les rôles dans pathointern?",1
J'ai besoin de savoir: quelle est la différence entre la phase 1 et la phase 2?,1
carcinoma histology,1
Bonsoir...,0
What's up dude??,0
S'il vous plaît?,0
blood smear anomaly,1
BYE,0
What is the current status of the project?,1
What's up dude?...,0
Are you a robot?!,0
What is the Nginx reverse proxy and what does it do,1
CAN YOU HELP ME LOG IN?,0
Comment tu t'appelles?!,0
Please explain what is cosine distance versus cosine similarity?,1
Merci...,0
Tu es un robot?...,0
How are you?,0
"I need to know, comment fonctionne la génération d'embeddings par lots?",1
carcinoma histology,1
Yes?,0
How is the anomaly baseline rebuilt?,1
comment le compte administrateur initial est-il créé?,1
C'est quoi ce projet?,0
Can you help me log in?,0
comment fonctionne la détection d'anomalies?,1
Comment tu t'appelles?...,0
Query: combien de temps faut-il pour traiter une image?,1
Query: how does pathointern handle the risk of false negatives?,1
Is the lab open?!,0
GOOD AFTERNOON,0
Good morning...,0
thanks,0
can you assist me?,0
What does the criticality score represent,1
J'ai besoin de savoir: quelle est la différence entre la phase 1 et la phase 2?,1
Analyze this lab slide,1
Who built you?,0
Who is PathoIntern designed for,1
How is... PathoIntern deployed?,1
Bonjour,0
What's up dude?...,0
Can a pathologist change their verdict after submission?,1
À plus tard,0
Good afternoon!,0
Quels sont les... non-objectifs explicites de PathoIntern?,1
Qui es-tu?,0
What database does PathoIntern use?,1
à plus tard,0
what ci/cd pipeline does pathointern use?,1
I forgot my password?,0
Why are non-normal reference cases displayed... first in the similar patches panel?,1
Analysez ceci: what ci/cd pipeline does pathointern use?,1
Good afternoon?,0
Analyze this: quelles sont les exigences de mot de passe?,1
Who built you?,0
Quels sujets l'Assistant... PathoIntern peut-il traiter?,1
ok,0
See you later...,0
Je ne sais pas...,0
What is your name??,0
please,0
Good morning...,0
leukocyte count,1
Pouvez-vous me dire: comment pathointern se compare-t-il aux autres outils d'ia en pathologie?,1
quels types d'anomalies de cellules sanguines pathointern peut-il aider à identifier?,1
Quels sont les non-objectifs explicites de PathoIntern?,1
Yes,0
Hello,0
C'est quoi ce projet?,0
Check this carcinoma histology,1
Good evening?,0
À plus tard?,0
Qu'est-ce que le panneau d'administration des utilisateurs?,1
Bonjour!,0
Réinitialiser mon mot de passe!,0
Aidez-moi avec le système!,0
thank you,0
Where is the lab?,0
Tu es un robot??,0
puis-je utiliser l'assistant pathointern en francais?,1
Thank you?,0
Qu'en est-il de: what user roles exist in pathointern?,1
what is the admin user management panel?,1
No!,0
blood smear anomaly,1
blood smear anomaly,1
je ne peux pas me connecter,0
salut,0
can you assist me?,0
À plus tard?,0
Merci...,0
Analyze this lab slide,1
Qu'en est-il de: can the pathologist override the ai score?,1
Mot de passe oublié,0
Where is the lab?,0
Qui a construit PathoIntern,1
Can you assist me?!,0
CAN YOU ASSIST ME?,0
J'ai besoin de savoir: how are passwords stored securely in pathointern?,1
Query: how long did it take to build phase 1?,1
No...,0
MOT DE PASSE OUBLIÉ,0
Who built PathoIntern?,1
What problem does PathoIntern solve,1
Qu'est-ce que PathoIntern?,1
Réinitialiser mon mot de passe,0
Analyze this lab slide,1
Quel est l'état actuel du projet?,1
TELL ME ABOUT YOURSELF.,0
Que contient le texte... de raisonnement du score?,1
how many patches are in the full kaggle corpus?,1
Veuillez expliquer how do these research papers connect?,1
Qu'est-ce que l'étude NEJM AI sur CTransPath?,1
Quelle est la différence entre la Phase 1 et la Phase 2?,1
Please explain qu'est-ce que pgvector?,1
leukocyte count,1
À quelle institution PathoIntern est-il associé,1
carcinoma histology,1
Hello...,0
Good afternoon,0
BONJOUR,0
Qu'est-ce que la calibration au 95e percentile?,1
What's up?!,0
how is the anomaly baseline rebuilt?,1
Analysez ceci: quels articles de recherche soutiennent pathointern?,1
Can multiple users use PathoIntern at the same time?,1
Is there a blood smear anomaly?,1
Query: what is rate limiting in pathointern?,1
What can a technologist NOT do in PathoIntern?,1
What is Docker Compose and how does PathoIntern use it?,1
Okay!,0
What are the six user personas?,1
yes,0
Hi there!,0
Who built you?,0
Qu'en est-il de: what is the audit middleware?,1
Is there a blood smear anomaly?,1
help me with my password,0
Je ne sais pas...,0
Je ne peux pas me connecter!,0
Comment fonctionne le système de notation?,1
how does pathointern protect patient safety?,1
I forgot my password...,0
que représente le score de criticité?,1
Query: what is multi-stage docker build?,1
carcinoma histology,1
How does authentication work in PathoIntern?,1
Comment PathoIntern gère-t-il le... risque de faux négatifs?,1
What is OpenSlide?,1
Where is the lab?,0
hey,0
Bonjour!,0
What is the pathology of this blood smear?,1
Bonjour,0
What types of blood cell abnormalities can PathoIntern help with?,1
À PLUS TARD,0
Tu es un robot?,0
no,0
S'il vous plaît,0
C'est quoi ce projet?,0
y a-t-il un compte de démonstration que je peux essayer?,1
Can you assist me?,0
Bonjour,0
What is the Kaggle... dataset used in PathoIntern?,1
Hey!,0
Comment les déploiements sont-ils déclenchés?,1
Comment ça va?,0
How do I upload a blood smear image?,1
Analysez ceci: que peut faire un technologiste dans pathointern?,1
leukocyte count,1
Is there a blood smear anomaly?,1
what is the safety disclaimer?,1
who built you?,0
I FORGOT MY PASSWORD,0
Aidez-moi!,0
Analyze this lab slide,1
Reset my password...,0
OUI,0
Where is the lab?,0
Comment le chatbot PathoIntern gere-t-il la saisie vocale et la securite?,1
No?,0
What is the weather like??,0
Comment fonctionne l'authentification dans PathoIntern?,1
Question: qu'est-ce que l'environnement qa?,1
WHO IS IN THE LAB TODAY?,0
Quels sont les niveaux de triage?,1
Comment ça va?!,0
Quel est le problème de charge... de travail et d'épuisement en pathologie?,1
leukocyte count,1
Je ne sais pas?,0
THANK YOU,0
aidez-moi avec le système,0
Check this carcinoma histology,1
Analyze leukocyte count,1
what's up dude?,0
How does the scoring system work?,1
Analyze leukocyte count,1
Comment tu t'appelles?...,0
Comment les articles de recherche de soutien ont-ils été sélectionnés,1
Bonjour,0
Peut-être?,0
Analyze this lab slide,1
Je ne sais pas?,0
Hello...,0
Hi there...,0
who built pathointern?,1
MOT DE PASSE OUBLIÉ,0
C'est quoi ce projet?,0
Tell me about yourself....,0
bonsoir,0
Qui est Muthuraj Jayakumar,1
J'ai besoin de savoir: what topics can the pathointern assistant answer?,1
Comment les artefacts traités sont-ils envoyés au serveur?,1
C'est quoi ce projet?,0
Puis-je utiliser l'Assistant PathoIntern en francais,1
How are embeddings generated?,1
How are you??,0
Hello,0
Qu'est-ce qu'un verdict?,1
Where is the lab?,0
blood smear anomaly,1
Analyze leukocyte count,1
Bonjour,0
WHAT IS YOUR NAME?,0
Veuillez expliquer how were the supporting research papers selected?,1
Check this carcinoma histology,1
Analyze leukocyte count,1
WHAT'S UP DUDE?,0
Good evening!,0
Comment PathoIntern gère-t-il le risque de faux négatifs,1
Query: qu'est-ce que ctranspath?,1
Okay,0
Where is the lab?...,0
What image formats does PathoIntern accept?,1
Tu es un robot??,0
Comment ça va?...,0
Comment fonctionne TLS/HTTPS dans PathoIntern?,1
que ne peut pas faire un technologiste dans pathointern?,1
Je ne peux pas me connecter?,0
how are you?,0
Comment PathoIntern est-il déployé?,1
Qu'est-ce que l'environnement de production?,1
what is the workload and burnout problem in pathology?,1
C'est quoi ce projet?,0
How are you?,0
Merci...,0
I need directions to the lab!,0
quels sujets l'assistant pathointern peut-il traiter?,1
leukocyte count,1
Qui t'a créé?!,0
What is the pathology of this blood smear?,1
RÉINITIALISER MON MOT DE PASSE,0
Hey...,0
Comment fonctionne la génération d'embeddings par lots?,1
C'est quoi ce projet?,0
What does non-diagnostic mean in the context of PathoIntern?,1
Can you tell me: how is the anomaly baseline rebuilt?,1
Sur combien d'images CTransPath a-t-il été pré-entraîné?,1
Oui,0
Check this carcinoma histology,1
Yes,0
Analyze leukocyte count,1
How do I access the QA site for testing?,1
Analyze leukocyte count,1
C'est quoi ce projet?,0
Analyze leukocyte count,1
What regulatory considerations apply to PathoIntern?,1
Bonjour,0
Where is the lab?,0
What can a technologist NOT do in PathoIntern,1
Hello...,0
blood smear anomaly,1
carcinoma histology,1
"I need to know, quels sujets l'assistant pathointern peut-il traiter?",1
Are you a robot??,0
hi there,0
Who built you?,0
I FORGOT MY PASSWORD,0
THANK YOU,0
leukocyte count,1
Quelles sont les exigences de mot de passe?,1
What types of blood cell... abnormalities can PathoIntern help with?,1
How will whole-slide image tile extraction work in Phase 2?,1
How does PathoIntern protect patient safety?,1
Query: why are non-normal reference cases displayed first in the similar patches panel?,1
Yo...,0
What is your name??,0
Hello,0
Aidez-moi avec le système...,0
Yo!,0
Maybe!,0
Oui!,0
Qu'est-ce qu'un tag git de production,1
Please explain what does non-diagnostic mean in the context of pathointern?,1
Bye,0
YES,0
Comment fonctionnera l'extraction de tuiles WSI en Phase 2?,1
comment fonctionnera l'extraction de tuiles wsi en phase 2?,1
Analyze leukocyte count,1
Please explain what are the four mission pillars of pathointern?,1
How are CORS origins configured?,1
Thanks,0
SALUT,0
Quelles sont les étiquettes normales dans le jeu de données?,1
What is... the branching strategy?,1
Je ne sais pas,0
Who is... Sumanth Reddy?,1
What is the local GPU pipeline approach?,1
Comment les mots de passe sont-ils stockés de manière sécurisée?,1
How's the weather today?...,0
Hey...,0
blood smear anomaly,1
Where is the lab?,0
Who built you?...,0
leukocyte count,1
Analyze this lab slide,1
How are you?,0
J'ai besoin de savoir: quels articles de recherche soutiennent pathointern?,1
Is there a blood smear anomaly?,1
Un pathologiste peut-il modifier son verdict après soumission?,1
What is rate... limiting in PathoIntern?,1
THANKS,0
What tools does the team use for development?,1
À plus tard,0
Who can submit verdicts?,1
Please explain what infrastructure is needed for phase 2?,1
MERCI,0
Ok?,0
Is the PathoIntern chatbot clinically reliable?,1
Qu'est-ce que le score de verdict?,1
leukocyte count,1
Help me with my password...,0
J'ai besoin de savoir: comment les articles de recherche de soutien ont-ils été sélectionnés?,1
Au revoir,0
Qu'en est-il de: can pathointern be used for teaching or education?,1
Analyze leukocyte count,1
What is the pathology of this blood smear?,1
Okay?,0
No...,0
What is your name?!,0
blood smear anomaly,1
Good morning,0
quelles sont les exigences de mot de passe?,1
What are the... brand colors of PathoIntern?,1
Veuillez expliquer qu'est-ce que le score de verdict?,1
Can you check how is pathointern deployed?,1
Que signifie 95% d'AUROC... et pourquoi est-ce important?,1
WHAT'S UP?,0
Qui t'a créé?!,0
What is the pathology of this blood smear?,1
What is the risk heatmap overlay?,1
What development methodology was used,1
TELL ME ABOUT YOURSELF.,0
s'il vous plaît,0
Can you assist me?,0
Quelles sont les 8 classes du jeu de données Kaggle Parasite?,1
Qu'est-ce que le modèle fondamental UNI,1
Good evening?,0
How are you?,0
Please,0
What is the Kaggle dataset used in PathoIntern?,1
Je ne peux pas me connecter...,0
Comment les cas de référence sont-ils affichés?,1
How do I upload... a blood smear image?,1
NON,0
Can you tell me: que ne peut pas faire un technologiste dans pathointern?,1
Qu'est-ce que Docker Compose et comment PathoIntern l'utilise-t-il?,1
C'est quoi ce projet?,0
Hi there?,0
Question: can pathointern be used for teaching or education?,1
Analyze this lab slide,1
Is there a blood smear anomaly?,1
Le pathologiste peut-il remplacer le score de l'IA?,1
Analyze this lab slide,1
OÙ EST LE LABORATOIRE?,0
Thanks!,0
What is the pathology of this blood smear?,1
blood smear anomaly,1
what's up?,0
Maybe...,0
Quels sont les six personas utilisateurs?,1
Who built you?,0
Yes?,0
Check this carcinoma histology,1
Can you tell me: what is the difference between anomaly score and criticality score?,1
Check this carcinoma histology,1
Quels types d'anomalies de cellules sanguines PathoIntern peut-il aider à identifier?,1
Comment fonctionne le boost de criticité pour les cas pathologiques?,1
What are the four mission pillars of PathoIntern?,1
Query: comment le chatbot pathointern gere-t-il la saisie vocale et la securite?,1
Where is the lab?,0
Can a pathologist change their verdict after submission,1
Can you tell me: what is transfer learning in computational pathology?,1
Je ne sais pas,0
Okay?,0
help me with my password,0
Qu'est-ce qu'OpenSeadragon,1
MAYBE,0
Qu'est-ce que CTransPath?,1
How's the weather today?...,0
Je ne peux pas me connecter...,0
good morning,0
Bonsoir,0
Comment fonctionne la détection d'anomalies?,1
J'ai besoin de savoir: what is the pathointern assistant?,1
BYE,0
Who built you?,0
Okay!,0
What is multi-stage Docker build?,1
Where is the lab?,0
Check this... carcinoma histology,1
I forgot my password!,0
What is the audit trail?,1
Why doesn't PathoIntern use classification?,1
Yo...,0
Hello,0
Comment tu t'appelles?...,0
carcinoma histology,1
BONJOUR,0
What about: quelles sont les couleurs de marque de pathointern?,1
I need directions to the lab,0
leukocyte count,1
Aidez-moi!,0
Peut-être...,0
Qu'est-ce que la construction Docker multi-étapes?,1
blood smear anomaly,1
Quelles variables d'environnement PathoIntern nécessite-t-il?,1
Analysez ceci: comment ces articles de recherche sont-ils connectés?,1
What is the weather like?,0
où est le laboratoire?,0
What about: quelle méthodologie de développement a été utilisée?,1
carcinoma histology,1
leukocyte count,1
Hello,0
what is the local gpu pipeline approach?,1
Help me with my password,0
What is the pathology of this blood smear?,1
Who built you?,0
WHAT'S UP?,0
Who built you?,0
What is the audit middleware?,1
Réinitialiser mon mot de passe,0
What about: how is the backend structured?,1
Are you a robot?...,0
I NEED HELP,0
Je ne peux pas me connecter...,0
Peut-être,0
SALUT,0
Okay?,0
Qu'en est-il de: quelle est la différence entre triage et diagnostic?,1
Hi there!,0
Tell me about yourself....,0
What is the pathology of this blood smear?,1
Bonjour,0
How long does a login session last?,1
What is the weather like?,0
How are you?,0
Qu'est-ce que l'Assistant PathoIntern?,1
WHAT'S UP DUDE?,0
what is your name?,0
how's the weather today?,0
blood smear anomaly,1
Comment fonctionne la génération d'embeddings par lots,1
What does 95% AUROC mean and why is it significant?,1
Pouvez-vous me dire: what infrastructure is needed for phase 2?,1
Analyze this: how many images was ctranspath pretrained on?,1
où est le laboratoire?,0
Can you help me log in?,0
Good morning,0
yes,0
See you later?,0
salut,0
Bonjour,0
who is in the lab today?,0
Is there a blood smear anomaly?,1
How are you??,0
WHERE IS THE LAB?,0
leukocyte count,1
GOOD AFTERNOON,0
How are you?,0
Comment fonctionne la notation par lots (score-all)?,1
Where is the lab?,0
Comment fonctionne la priorisation de... liste de travail par IA?,1
WHAT'S UP DUDE?,0
Quels formats... d'image PathoIntern accepte-t-il?,1
what is the similarity search?,1
Is there a blood smear anomaly?,1
GOOD MORNING,0
Au revoir...,0
Tell me about yourself....,0
YES,0
What is self-supervised learning in computational pathology?,1
Je ne peux pas me connecter,0
Can the pathologist override the AI score?,1
Analyze this lab slide,1
Oui...,0
Analyze this lab slide,1
Can you help me log in?,0
Is there a blood smear anomaly?,1
C'est quoi ce projet?,0
How are you?,0
How are the reference cases displayed?,1
bonsoir,0
how long does a login session last?,1
Veuillez expliquer who is lohith reddy?,1
Yo?,0
Good morning...,0
Combien de temps dure... une session de connexion?,1
Please!,0
Maybe?,0
Quelle infrastructure est nécessaire pour la Phase 2?,1
How are you?,0
Ok...,0
S'il vous plaît,0
Qu'est-ce que k-NN et comment est-il utilisé pour la détection d'anomalies?,1
What is your name?,0
Qu'est-ce que l'intégration LIS/DME prévue pour la Phase 2?,1
Who is Muthuraj Jayakumar?,1
J'ai besoin de savoir: qu'est-ce qu'un verdict?,1
Merci?,0
Can you assist me??,0
what are the four mission pillars of pathointern?,1
C'est quoi ce projet?,0
I don't know,0
Que montre la liste de travail?,1
Can you tell me: how does the data ingestion pipeline work?,1
I NEED HELP,0
Hi there,0
Where is the lab?,0
Que représente le score de criticité?,1
leukocyte count,1
Dans quelle mesure devrais-je faire confiance aux reponses du chatbot?,1
Comment fonctionne la génération d'embeddings par lots,1
What is the difference between Phase 1 and Phase 2,1
Où est le laboratoire??,0
What is your name??,0
Yes,0
Qu'est-ce qui différencie PathoIntern des compteurs de cellules sanguines automatisés?,1
Is there a blood smear anomaly?,1
who built you?,0
Salut,0
Maybe...,0
quel est le problème de charge de travail et d'épuisement en pathologie?,1
Please?,0
Qui est Lohith Reddy?,1
Who built you?,0
I need help,0
can you assist me?,0
Is there a blood smear anomaly?,1
Pouvez-vous me dire: what is the pathology of this blood smear?,1
Qu'en est-il de: comment fonctionne le système de notation?,1
What is the Nginx reverse proxy and what does it do?,1
HOW'S THE WEATHER TODAY?,0
reset my password,0
Bonjour,0
What is k-NN and how is it used for anomaly detection?,1
Aidez-moi avec le système,0
I don't know...,0
Is there a blood smear anomaly?,1
Non?,0
TELL ME ABOUT YOURSELF.,0
What is your name?!,0
Puis-je utiliser l'Assistant PathoIntern en francais?,1
Aidez-moi avec le système,0
Peut-on traiter les données sur une machine locale plutôt que sur le serveur?,1
leukocyte count,1
qu'est-ce que ctranspath?,1
How does TLS/HTTPS work in PathoIntern?,1
How does batch... embedding generation work?,1
CAN YOU ASSIST ME?,0
Hello?,0
Qu'est-ce que le... modèle fondamental UNI?,1
Mot de passe oublié,0
Yo?,0
blood smear anomaly,1
Yo!,0
Reset my password,0
C'est quoi ce projet?!,0
Check this carcinoma histology,1
Can you tell me: how do i get an account on pathointern?,1
Aidez-moi avec le système,0
Quel pipeline CI/CD PathoIntern utilise-t-il?,1
WHAT'S UP?,0
carcinoma histology,1
blood smear anomaly,1
Thank you?,0
How confident should I be in chatbot answers?,1
can you help me log in?,0
how long does a login session last?,1
What's up?!,0
Can you assist me?!,0
Aidez-moi!,0
Bye!,0
s'il vous plaît,0
Analyze this: qu'est-ce qu'un interne numérique en pathologie?,1
C'est quoi ce projet?,0
What is the pathology of this blood smear?,1
qu'est-ce qu'un verdict?,1
À plus tard...,0
How do these research papers connect?,1
Who built you?,0
Quels sont les niveaux de triage,1
See you later...,0
Analyze this lab slide,1
MERCI,0
Quelles specifications de droplet DigitalOcean PathoIntern utilise-t-il?,1
See you later...,0
Pourquoi les cas de référence... non-normaux sont-ils affichés en premier?,1
Bonjour...,0
How does the chatbot RAG retrieval pipeline work,1
blood smear anomaly,1
Quelles considérations réglementaires... s'appliquent à PathoIntern?,1
carcinoma histology,1
À PLUS TARD,0
Qu'est-ce que le... modèle fondamental UNI?,1
S'il vous plaît,0
Comment obtenir un compte sur PathoIntern?,1
What is the difference between triage and diagnosis?,1
HEY,0
quel est le problème de charge de travail et d'épuisement en pathologie?,1
Puis-je utiliser l'Assistant PathoIntern en francais,1
bonjour,0
How many images was CTransPath pretrained on?,1
Mot de passe oublié...,0
QUI ES-TU?,0
carcinoma histology,1
What's up dude?!,0
WHAT'S UP?,0
Can the pathologist override the AI score,1
Can you assist me?,0
Veuillez expliquer quelle est la différence entre la phase 1 et la phase 2?,1
Comment le développement a-t-il été organisé?,1
Quelle est la différence entre le... score d'anomalie et le score de criticité?,1
Aidez-moi!,0
What's up??,0
Réinitialiser mon mot de passe,0
RESET MY PASSWORD,0
Comment fonctionne la priorisation de liste de travail par IA?,1
Where is the lab?,0
blood smear anomaly,1
Non...,0
C'est quoi ce projet?,0
Qu'est-ce que l'apprentissage incrémental dans PathoIntern?,1
Qui est Muthuraj Jayakumar?,1
leukocyte count,1
carcinoma histology,1
What is the pathology of this blood smear?,1
What is the branching strategy,1
I need help...,0
Is there a blood smear anomaly?,1
Who built you?,0
Where is the lab??,0
No?,0
Aidez-moi...,0
What is the pathology of this blood smear?,1
Hi there...,0
How do I get an account on PathoIntern?,1
Qu'est-ce qu'OpenSeadragon?,1
Qu'est-ce que le fichier anomaly_baseline.npz?,1
Why are... there two phases?,1
WHAT'S UP DUDE?,0
Check this carcinoma histology,1
Analyze leukocyte count,1
s'il vous plaît,0
